<?xml version="1.0" encoding="UTF-8" standalone="yes"?>
<addon id="plugin.video.myapp" name="moj addon" version="99.0.0" provider-name="doncov">
  <requires>
    <import addon="xbmc.python" version="2.1.0"/>
  </requires>
  <extension point="xbmc.python.pluginsource" library="default.py">
        <provides>video</provides>
  </extension>
  <extension point="xbmc.addon.metadata">
    <summary lang="en">moj addon</summary>
    <description lang="en">moj addon</description>
    <platform>all</platform>
  </extension>
</addon>
